{"0.212288": [392, 135, 608, 567], "0.204382": [388, 138, 604, 570], "0.204494": [771, 116, 835, 244], "0.216384": [386, 138, 602, 570], "0.202974": [433, 24, 757, 672], "0.20601": [436, 30, 760, 678], "0.205606": [795, 449, 859, 577], "0.231758": [392, 135, 608, 567], "0.21566": [378, 135, 594, 567], "0.228727": [392, 142, 608, 574], "0.207082": [378, 135, 594, 567], "0.204192": [439, 27, 763, 675], "0.205524": [439, 27, 763, 675], "0.204229": [430, 20, 754, 668], "0.20473": [782, 111, 846, 239], "0.217434": [395, 148, 611, 580], "0.206067": [482, 114, 578, 306], "0.200271": [433, 24, 757, 672], "0.222473": [384, 138, 600, 570], "0.199775": [415, 30, 739, 678], "0.227723": [388, 135, 604, 567], "0.213577": [392, 135, 608, 567], "0.206596": [436, 30, 760, 678], "0.254147": [388, 135, 604, 567], "0.229533": [385, 135, 601, 567], "0.220122": [392, 135, 608, 567], "0.226929": [384, 138, 600, 570], "0.199202": [425, 20, 749, 668], "0.204521": [405, 20, 729, 668], "0.204172": [801, 455, 865, 583], "0.205899": [392, 135, 608, 567], "0.20194": [412, 33, 736, 681]}