{"0.212288": 1, "0.204382": 1, "0.204494": 1, "0.216384": 1, "0.202974": 1, "0.20601": 1, "0.205606": 1, "0.231758": 1, "0.21566": 1, "0.228727": 1, "0.207082": 1, "0.204192": 1, "0.205524": 1, "0.204229": 1, "0.20473": 1, "0.217434": 1, "0.206067": 1, "0.200271": 1, "0.222473": 1, "0.199775": 1, "0.227723": 1, "0.213577": 1, "0.206596": 1, "0.254147": 1, "0.229533": 1, "0.220122": 1, "0.226929": 1, "0.199202": 1, "0.204521": 1, "0.204172": 1, "0.205899": 1, "0.20194": 1}