{"0.198817": [801, 455, 865, 583], "0.216656": [392, 135, 608, 567], "0.209482": [433, 24, 757, 672], "0.228267": [392, 142, 608, 574], "0.213525": [436, 30, 760, 678], "0.211834": [388, 138, 604, 570], "0.211632": [430, 20, 754, 668], "0.206697": [439, 27, 763, 675], "0.212542": [396, 142, 612, 574], "0.212239": [392, 142, 608, 574], "0.212726": [384, 138, 600, 570], "0.2278": [405, 20, 729, 668], "0.231583": [389, 143, 605, 575], "0.210623": [388, 135, 604, 567], "0.225247": [415, 30, 739, 678], "0.228747": [392, 142, 608, 574], "0.199811": [771, 116, 835, 244], "0.204993": [385, 135, 601, 567], "0.214087": [384, 138, 600, 570], "0.226488": [389, 143, 605, 575], "0.216053": [378, 135, 594, 567], "0.226277": [392, 142, 608, 574], "0.210641": [395, 143, 611, 575], "0.212517": [395, 143, 611, 575], "0.213647": [392, 135, 608, 567], "0.224009": [482, 114, 578, 306], "0.208026": [439, 27, 763, 675], "0.215825": [395, 148, 611, 580], "0.2125": [392, 135, 608, 567], "0.223027": [392, 142, 608, 574], "0.225645": [392, 142, 608, 574], "0.215256": [392, 142, 608, 574], "0.224287": [412, 33, 736, 681], "0.204259": [425, 20, 749, 668], "0.207054": [388, 135, 604, 567], "0.19864": [795, 449, 859, 577], "0.242484": [392, 135, 608, 567], "0.219786": [378, 135, 594, 567], "0.206871": [386, 138, 602, 570], "0.208001": [436, 30, 760, 678], "0.215414": [392, 142, 608, 574], "0.223761": [392, 142, 608, 574], "0.206798": [392, 135, 608, 567], "0.207588": [433, 24, 757, 672], "0.200157": [782, 111, 846, 239], "0.22642": [392, 142, 608, 574]}